学校,政治,英语,数学,专业
北京大学,(101)思想政治理论,(201)英语一,(301)数学一,(867)计算机基础综合
北京大学,(101)思想政治理论,(201)英语一,(301)数学一,(867)计算机基础综合
北京大学,(101)思想政治理论,(201)英语一,(301)数学一,(867)计算机基础综合
北京大学,(101)思想政治理论,(201)英语一,(301)数学一,(867)计算机基础综合
北京大学,(101)思想政治理论,(201)英语一,(301)数学一,(867)计算机基础综合
北京大学,(101)思想政治理论,(201)英语一,(301)数学一,(867)计算机基础综合
北京大学,(101)思想政治理论,(201)英语一,(301)数学一,(867)计算机基础综合
北京大学,(101)思想政治理论,(201)英语一,(301)数学一,(867)计算机基础综合
北京大学,(101)思想政治理论,(201)英语一,(301)数学一,(852)嵌入式技术基础
北京大学,(101)思想政治理论,(201)英语一,(303)数学三,(907)经济学综合
北京大学,(101)思想政治理论,(201)英语一,(303)数学三,(907)经济学综合
北京大学,(101)思想政治理论,(201)英语一,(619)英汉互译,(890)计算机应用基础
中国人民大学,(101)思想政治理论,(204)英语二,(302)数学二,(856)软件工程基础综合
清华大学,(101)思想政治理论,(201)英语一,(301)数学一,(914)软件工程基础综合
清华大学,(101)思想政治理论,(201)英语一,(301)数学一,(912)计算机专业基础综合
北京交通大学,(101)思想政治理论,(204)英语二,(302)数学二,(901)软件工程
北京交通大学,(101)思想政治理论,(204)英语二,(302)数学二,(901)软件工程
北京交通大学,(101)思想政治理论,(204)英语二,(302)数学二,(901)软件工程
北京交通大学,(101)思想政治理论,(201)英语一,(301)数学一,(923)操作系统原理
北京交通大学,(101)思想政治理论,(201)英语一,(301)数学一,(923)操作系统原理
北京交通大学,(101)思想政治理论,(201)英语一,(301)数学一,(923)操作系统原理
北京交通大学,(101)思想政治理论,(201)英语一,(301)数学一,(923)操作系统原理
北京交通大学,(101)思想政治理论,(201)英语一,(301)数学一,(923)操作系统原理
北京交通大学,(101)思想政治理论,(201)英语一,(301)数学一,(923)操作系统原理
北京交通大学,(101)思想政治理论,(201)英语一,(301)数学一,(923)操作系统原理
北京交通大学,(101)思想政治理论,(201)英语一,(301)数学一,(923)操作系统原理
北京工业大学,(101)思想政治理论,(204)英语二,(302)数学二,(892)软件工程领域专业基础
北京工业大学,(101)思想政治理论,(204)英语二,(302)数学二,(892)软件工程领域专业基础
北京工业大学,(101)思想政治理论,(204)英语二,(302)数学二,(892)软件工程领域专业基础
北京工业大学,(101)思想政治理论,(204)英语二,(302)数学二,(892)软件工程领域专业基础
北京工业大学,(101)思想政治理论,(204)英语二,(302)数学二,(892)软件工程领域专业基础
北京工业大学,(101)思想政治理论,(204)英语二,(302)数学二,(892)软件工程领域专业基础
北京工业大学,(101)思想政治理论,(204)英语二,(302)数学二,(892)软件工程领域专业基础
北京工业大学,(101)思想政治理论,(204)英语二,(302)数学二,(892)软件工程领域专业基础
北京工业大学,(101)思想政治理论,(204)英语二,(302)数学二,(892)软件工程领域专业基础
北京工业大学,(101)思想政治理论,(204)英语二,(302)数学二,(892)软件工程领域专业基础
北京工业大学,(101)思想政治理论,(204)英语二,(302)数学二,(895)计算机学科专业基础
北京工业大学,(101)思想政治理论,(204)英语二,(302)数学二,(895)计算机学科专业基础
北京工业大学,(101)思想政治理论,(204)英语二,(302)数学二,(895)计算机学科专业基础
北京工业大学,(101)思想政治理论,(204)英语二,(302)数学二,(895)计算机学科专业基础
北京工业大学,(101)思想政治理论,(204)英语二,(302)数学二,(896)数据结构
北京工业大学,(101)思想政治理论,(204)英语二,(302)数学二,(896)数据结构
北京工业大学,(101)思想政治理论,(204)英语二,(302)数学二,(896)数据结构
北京工业大学,(101)思想政治理论,(204)英语二,(302)数学二,(896)数据结构
北京工业大学,(101)思想政治理论,(204)英语二,(302)数学二,(896)数据结构
北京工业大学,(101)思想政治理论,(204)英语二,(302)数学二,(896)数据结构
北京工业大学,(101)思想政治理论,(204)英语二,(302)数学二,(896)数据结构
北京工业大学,(101)思想政治理论,(204)英语二,(302)数学二,(896)数据结构
北京工业大学,(101)思想政治理论,(204)英语二,(302)数学二,(896)数据结构
北京航空航天大学,(101)思想政治理论,(204)英语二,(302)数学二,(991)数据结构与C语言程序设计
北京航空航天大学,(101)思想政治理论,(201)英语一,(301)数学一,(961)计算机基础综合
北京理工大学,(101)思想政治理论,(201)英语一,(302)数学二,(885)软件工程专业基础综合
北京理工大学,(101)思想政治理论,(204)英语二,(302)数学二,(889)数据结构
北京科技大学,(101)思想政治理论,(204)英语二,(302)数学二,(871)计算机综合一(含计算机组成原理、数据结构)
北京科技大学,(101)思想政治理论,(204)英语二,(302)数学二,(871)计算机综合一(含计算机组成原理、数据结构)
北京科技大学,(101)思想政治理论,(204)英语二,(302)数学二,(871)计算机综合一(含计算机组成原理、数据结构)
北京科技大学,(101)思想政治理论,(204)英语二,(302)数学二,(871)计算机综合一(含计算机组成原理、数据结构)
北京科技大学,(101)思想政治理论,(204)英语二,(302)数学二,(871)计算机综合一(含计算机组成原理、数据结构)
北京科技大学,(101)思想政治理论,(204)英语二,(302)数学二,(871)计算机综合一(含计算机组成原理、数据结构)
北京科技大学,(101)思想政治理论,(204)英语二,(302)数学二,(871)计算机综合一(含计算机组成原理、数据结构)
北京科技大学,(101)思想政治理论,(204)英语二,(302)数学二,(871)计算机综合一(含计算机组成原理、数据结构)
北京科技大学,(101)思想政治理论,(204)英语二,(302)数学二,(871)计算机综合一(含计算机组成原理、数据结构)
北京科技大学,(101)思想政治理论,(204)英语二,(302)数学二,(871)计算机综合一(含计算机组成原理、数据结构)
北京科技大学,(101)思想政治理论,(204)英语二,(302)数学二,(871)计算机综合一(含计算机组成原理、数据结构)
北京科技大学,(101)思想政治理论,(204)英语二,(302)数学二,(871)计算机综合一(含计算机组成原理、数据结构)
北京科技大学,(101)思想政治理论,(204)英语二,(302)数学二,(871)计算机综合一(含计算机组成原理、数据结构)
北京科技大学,(101)思想政治理论,(204)英语二,(302)数学二,(871)计算机综合一(含计算机组成原理、数据结构)
北京科技大学,(101)思想政治理论,(204)英语二,(302)数学二,(871)计算机综合一(含计算机组成原理、数据结构)
北京科技大学,(101)思想政治理论,(204)英语二,(302)数学二,(871)计算机综合一(含计算机组成原理、数据结构)
北京科技大学,(101)思想政治理论,(204)英语二,(302)数学二,(871)计算机综合一(含计算机组成原理、数据结构)
北京科技大学,(101)思想政治理论,(204)英语二,(302)数学二,(871)计算机综合一(含计算机组成原理、数据结构)
北京科技大学,(101)思想政治理论,(204)英语二,(302)数学二,(871)计算机综合一(含计算机组成原理、数据结构)
北京科技大学,(101)思想政治理论,(204)英语二,(302)数学二,(871)计算机综合一(含计算机组成原理、数据结构)
北京科技大学,(101)思想政治理论,(204)英语二,(302)数学二,(871)计算机综合一(含计算机组成原理、数据结构)
北京科技大学,(101)思想政治理论,(204)英语二,(302)数学二,(871)计算机综合一(含计算机组成原理、数据结构)
北京科技大学,(101)思想政治理论,(204)英语二,(302)数学二,(871)计算机综合一(含计算机组成原理、数据结构)
北京科技大学,(101)思想政治理论,(204)英语二,(302)数学二,(871)计算机综合一(含计算机组成原理、数据结构)
北京科技大学,(101)思想政治理论,(204)英语二,(302)数学二,(871)计算机综合一(含计算机组成原理、数据结构)
北京科技大学,(101)思想政治理论,(204)英语二,(302)数学二,(871)计算机综合一(含计算机组成原理、数据结构)
北京科技大学,(101)思想政治理论,(204)英语二,(302)数学二,(871)计算机综合一(含计算机组成原理、数据结构)
北京科技大学,(101)思想政治理论,(204)英语二,(302)数学二,(871)计算机综合一(含计算机组成原理、数据结构)
北京科技大学,(101)思想政治理论,(204)英语二,(302)数学二,(871)计算机综合一(含计算机组成原理、数据结构)
北京科技大学,(101)思想政治理论,(204)英语二,(302)数学二,(871)计算机综合一(含计算机组成原理、数据结构)
北京化工大学,(101)思想政治理论,(204)英语二,(302)数学二,(842)数据结构
北京化工大学,(101)思想政治理论,(204)英语二,(302)数学二,(842)数据结构
北京化工大学,(101)思想政治理论,(204)英语二,(302)数学二,(842)数据结构
北京化工大学,(101)思想政治理论,(204)英语二,(302)数学二,(842)数据结构
北京化工大学,(101)思想政治理论,(204)英语二,(302)数学二,(842)数据结构
北京化工大学,(101)思想政治理论,(204)英语二,(302)数学二,(842)数据结构
北京邮电大学,(101)思想政治理论,(201)英语一,(301)数学一,(807)软件工程专业综合
北京邮电大学,(101)思想政治理论,(201)英语一,(301)数学一,(807)软件工程专业综合
北京邮电大学,(101)思想政治理论,(201)英语一,(301)数学一,(807)软件工程专业综合
北京邮电大学,(101)思想政治理论,(201)英语一,(301)数学一,(807)软件工程专业综合
北京邮电大学,(101)思想政治理论,(201)英语一,(301)数学一,(807)软件工程专业综合
北京邮电大学,(101)思想政治理论,(201)英语一,(301)数学一,(803)计算机学科基础综合
北京邮电大学,(101)思想政治理论,(201)英语一,(301)数学一,(803)计算机学科基础综合
北京邮电大学,(101)思想政治理论,(201)英语一,(301)数学一,(803)计算机学科基础综合
北京邮电大学,(101)思想政治理论,(201)英语一,(301)数学一,(803)计算机学科基础综合
北京邮电大学,(101)思想政治理论,(201)英语一,(301)数学一,(803)计算机学科基础综合
北京邮电大学,(101)思想政治理论,(201)英语一,(301)数学一,(803)计算机学科基础综合
北京邮电大学,(101)思想政治理论,(201)英语一,(301)数学一,(803)计算机学科基础综合
北京邮电大学,(101)思想政治理论,(201)英语一,(301)数学一,(803)计算机学科基础综合
北京邮电大学,(101)思想政治理论,(201)英语一,(301)数学一,(803)计算机学科基础综合
北京邮电大学,(101)思想政治理论,(201)英语一,(301)数学一,(803)计算机学科基础综合
北京邮电大学,(101)思想政治理论,(201)英语一,(301)数学一,(803)计算机学科基础综合
北京邮电大学,(101)思想政治理论,(201)英语一,(301)数学一,(803)计算机学科基础综合
北京邮电大学,(101)思想政治理论,(201)英语一,(301)数学一,(803)计算机学科基础综合
北京邮电大学,(101)思想政治理论,(201)英语一,(301)数学一,(803)计算机学科基础综合
北京邮电大学,(101)思想政治理论,(201)英语一,(301)数学一,(803)计算机学科基础综合
北京邮电大学,(101)思想政治理论,(201)英语一,(301)数学一,(803)计算机学科基础综合
北京邮电大学,(101)思想政治理论,(201)英语一,(301)数学一,(803)计算机学科基础综合
北京邮电大学,(101)思想政治理论,(201)英语一,(301)数学一,(803)计算机学科基础综合
北京邮电大学,(101)思想政治理论,(201)英语一,(301)数学一,(803)计算机学科基础综合
北京邮电大学,(101)思想政治理论,(201)英语一,(301)数学一,(803)计算机学科基础综合
北京邮电大学,(101)思想政治理论,(201)英语一,(301)数学一,(803)计算机学科基础综合
北京邮电大学,(101)思想政治理论,(201)英语一,(301)数学一,(803)计算机学科基础综合
北京邮电大学,(101)思想政治理论,(201)英语一,(301)数学一,(803)计算机学科基础综合
北京邮电大学,(101)思想政治理论,(201)英语一,(301)数学一,(803)计算机学科基础综合
北京邮电大学,(101)思想政治理论,(201)英语一,(301)数学一,(803)计算机学科基础综合
北京邮电大学,(101)思想政治理论,(201)英语一,(301)数学一,(803)计算机学科基础综合
北京邮电大学,(101)思想政治理论,(201)英语一,(301)数学一,(803)计算机学科基础综合
北京邮电大学,(101)思想政治理论,(201)英语一,(301)数学一,(803)计算机学科基础综合
北京邮电大学,(101)思想政治理论,(201)英语一,(301)数学一,(803)计算机学科基础综合
北京邮电大学,(101)思想政治理论,(201)英语一,(301)数学一,(803)计算机学科基础综合
中国农业大学,(101)思想政治理论,(204)英语二,(302)数学二,(809)地理信息系统
北京林业大学,(101)思想政治理论,(204)英语二,(302)数学二,(839)数据结构
北京林业大学,(101)思想政治理论,(204)英语二,(302)数学二,(839)数据结构
中国传媒大学,(101)思想政治理论,(202)俄语,(302)数学二,(827)程序设计
中国传媒大学,(101)思想政治理论,(202)俄语,(302)数学二,(827)程序设计
中国传媒大学,(101)思想政治理论,(202)俄语,(302)数学二,(827)程序设计
中国传媒大学,(101)思想政治理论,(202)俄语,(302)数学二,(827)程序设计
中国传媒大学,(101)思想政治理论,(202)俄语,(302)数学二,(827)程序设计
中央财经大学,(101)思想政治理论,(204)英语二,(302)数学二,(901)C语言程序设计
中央财经大学,(101)思想政治理论,(204)英语二,(302)数学二,(901)C语言程序设计
华北电力大学,(101)思想政治理论,(204)英语二,(302)数学二,(844)数据结构
华北电力大学,(101)思想政治理论,(204)英语二,(302)数学二,(844)数据结构
华北电力大学,(101)思想政治理论,(204)英语二,(302)数学二,(844)数据结构
华北电力大学,(101)思想政治理论,(204)英语二,(302)数学二,(844)数据结构
华北电力大学,(101)思想政治理论,(204)英语二,(302)数学二,(844)数据结构
华北电力大学,(101)思想政治理论,(204)英语二,(302)数学二,(844)数据结构
华北电力大学,(101)思想政治理论,(204)英语二,(302)数学二,(844)数据结构
华北电力大学,(101)思想政治理论,(204)英语二,(302)数学二,(844)数据结构
华北电力大学,(101)思想政治理论,(204)英语二,(302)数学二,(844)数据结构
华北电力大学,(101)思想政治理论,(204)英语二,(302)数学二,(844)数据结构
华北电力大学,(101)思想政治理论,(204)英语二,(302)数学二,(844)数据结构
华北电力大学,(101)思想政治理论,(204)英语二,(302)数学二,(844)数据结构
华北电力大学,(101)思想政治理论,(204)英语二,(302)数学二,(844)数据结构
中国矿业大学(北京),(101)思想政治理论,(204)英语二,(302)数学二,(854)数据结构
中国石油大学(北京),(101)思想政治理论,(204)英语二,(302)数学二,(955)数据结构（II）
中国石油大学(北京),(101)思想政治理论,(204)英语二,(302)数学二,(955)数据结构（II）
中国石油大学(北京),(101)思想政治理论,(204)英语二,(302)数学二,(955)数据结构（II）
中国石油大学(北京),(101)思想政治理论,(204)英语二,(302)数学二,(955)数据结构（II）
中国地质大学(北京),(101)思想政治理论,(204)英语二,(302)数学二,(859)软件工程
中国地质大学(北京),(101)思想政治理论,(204)英语二,(302)数学二,(859)软件工程
中国地质大学(北京),(101)思想政治理论,(204)英语二,(302)数学二,(859)软件工程
中国地质大学(北京),(101)思想政治理论,(204)英语二,(302)数学二,(859)软件工程
中国地质大学(北京),(101)思想政治理论,(204)英语二,(302)数学二,(858)计算机基础
中国地质大学(北京),(101)思想政治理论,(204)英语二,(302)数学二,(858)计算机基础
中国地质大学(北京),(101)思想政治理论,(204)英语二,(302)数学二,(858)计算机基础
中国地质大学(北京),(101)思想政治理论,(204)英语二,(302)数学二,(858)计算机基础
中国地质大学(北京),(101)思想政治理论,(204)英语二,(302)数学二,(858)计算机基础
中国地质大学(北京),(101)思想政治理论,(204)英语二,(302)数学二,(858)计算机基础
南开大学,(101)思想政治理论,(204)英语二,(302)数学二,(815)C语言与数据结构
南开大学,(101)思想政治理论,(204)英语二,(302)数学二,(815)C语言与数据结构
南开大学,(101)思想政治理论,(204)英语二,(302)数学二,(815)C语言与数据结构
南开大学,(101)思想政治理论,(204)英语二,(302)数学二,(813)程序设计与数据结构
南开大学,(101)思想政治理论,(204)英语二,(302)数学二,(813)程序设计与数据结构
南开大学,(101)思想政治理论,(204)英语二,(302)数学二,(813)程序设计与数据结构
南开大学,(101)思想政治理论,(204)英语二,(302)数学二,(813)程序设计与数据结构
南开大学,(101)思想政治理论,(204)英语二,(302)数学二,(813)程序设计与数据结构
南开大学,(101)思想政治理论,(204)英语二,(302)数学二,(813)程序设计与数据结构
南开大学,(101)思想政治理论,(204)英语二,(302)数学二,(813)程序设计与数据结构
南开大学,(101)思想政治理论,(204)英语二,(302)数学二,(813)程序设计与数据结构
南开大学,(101)思想政治理论,(204)英语二,(302)数学二,(813)程序设计与数据结构
南开大学,(101)思想政治理论,(204)英语二,(302)数学二,(813)程序设计与数据结构
天津大学,(101)思想政治理论,(204)英语二,(302)数学二,(902)软件工程
天津大学,(101)思想政治理论,(204)英语二,(302)数学二,(902)软件工程
天津大学,(101)思想政治理论,(204)英语二,(302)数学二,(901)数据结构与程序设计
天津大学,(101)思想政治理论,(204)英语二,(302)数学二,(901)数据结构与程序设计
华北电力大学(保定),(101)思想政治理论,(204)英语二,(302)数学二,(821)数据结构与操作系统
华北电力大学(保定),(101)思想政治理论,(204)英语二,(302)数学二,(821)数据结构与操作系统
华北电力大学(保定),(101)思想政治理论,(204)英语二,(302)数学二,(821)数据结构与操作系统
华北电力大学(保定),(101)思想政治理论,(204)英语二,(302)数学二,(821)数据结构与操作系统
华北电力大学(保定),(101)思想政治理论,(204)英语二,(302)数学二,(821)数据结构与操作系统
华北电力大学(保定),(101)思想政治理论,(204)英语二,(302)数学二,(821)数据结构与操作系统
华北电力大学(保定),(101)思想政治理论,(204)英语二,(302)数学二,(821)数据结构与操作系统
华北电力大学(保定),(101)思想政治理论,(204)英语二,(302)数学二,(821)数据结构与操作系统
华北电力大学(保定),(101)思想政治理论,(204)英语二,(302)数学二,(821)数据结构与操作系统
华北电力大学(保定),(101)思想政治理论,(204)英语二,(302)数学二,(821)数据结构与操作系统
华北电力大学(保定),(101)思想政治理论,(204)英语二,(302)数学二,(821)数据结构与操作系统
华北电力大学(保定),(101)思想政治理论,(204)英语二,(302)数学二,(821)数据结构与操作系统
华北电力大学(保定),(101)思想政治理论,(204)英语二,(302)数学二,(821)数据结构与操作系统
河北工业大学,(101)思想政治理论,(204)英语二,(301)数学一,(981)计算机专业基础综合
河北工业大学,(101)思想政治理论,(204)英语二,(301)数学一,(981)计算机专业基础综合
河北工业大学,(101)思想政治理论,(204)英语二,(301)数学一,(981)计算机专业基础综合
河北工业大学,(101)思想政治理论,(204)英语二,(301)数学一,(981)计算机专业基础综合
河北工业大学,(101)思想政治理论,(204)英语二,(301)数学一,(981)计算机专业基础综合
河北工业大学,(101)思想政治理论,(204)英语二,(301)数学一,(981)计算机专业基础综合
河北工业大学,(101)思想政治理论,(204)英语二,(301)数学一,(981)计算机专业基础综合
河北工业大学,(101)思想政治理论,(204)英语二,(301)数学一,(981)计算机专业基础综合
太原理工大学,(101)思想政治理论,(204)英语二,(302)数学二,(834)数据结构和操作系统
太原理工大学,(101)思想政治理论,(204)英语二,(302)数学二,(834)数据结构和操作系统
太原理工大学,(101)思想政治理论,(204)英语二,(302)数学二,(834)数据结构和操作系统
太原理工大学,(101)思想政治理论,(204)英语二,(302)数学二,(833)数据结构和计算机组成原理
内蒙古大学,(101)思想政治理论,(204)英语二,(302)数学二,(892)程序设计与数据结构(自命题)
内蒙古大学,(101)思想政治理论,(204)英语二,(302)数学二,(892)程序设计与数据结构(自命题)
内蒙古大学,(101)思想政治理论,(204)英语二,(302)数学二,(892)程序设计与数据结构(自命题)
辽宁大学,(101)思想政治理论,(202)俄语,(302)数学二,(854)计算机专业基础
大连理工大学,(101)思想政治理论,(204)英语二,(302)数学二,(887)数据结构与软件工程
大连理工大学,(101)思想政治理论,(204)英语二,(302)数学二,(887)数据结构与软件工程
大连理工大学,(101)思想政治理论,(204)英语二,(302)数学二,(887)数据结构与软件工程
大连理工大学,(101)思想政治理论,(201)英语一,(301)数学一,(810)数据结构和计算机组成原理
大连理工大学,(101)思想政治理论,(201)英语一,(301)数学一,(810)数据结构和计算机组成原理
大连理工大学,(101)思想政治理论,(201)英语一,(301)数学一,(810)数据结构和计算机组成原理
大连理工大学,(101)思想政治理论,(201)英语一,(301)数学一,(810)数据结构和计算机组成原理
大连理工大学,(101)思想政治理论,(201)英语一,(301)数学一,(810)数据结构和计算机组成原理
东北大学,(101)思想政治理论,(204)英语二,(302)数学二,(858)C语言程序设计与数据结构
东北大学,(101)思想政治理论,(204)英语二,(302)数学二,(858)C语言程序设计与数据结构
东北大学,(101)思想政治理论,(204)英语二,(302)数学二,(858)C语言程序设计与数据结构
东北大学,(101)思想政治理论,(204)英语二,(302)数学二,(858)C语言程序设计与数据结构
东北大学,(101)思想政治理论,(204)英语二,(302)数学二,(858)C语言程序设计与数据结构
东北大学,(101)思想政治理论,(204)英语二,(302)数学二,(858)C语言程序设计与数据结构
东北大学,(101)思想政治理论,(204)英语二,(302)数学二,(842)计算机专业基础
东北大学,(101)思想政治理论,(204)英语二,(302)数学二,(842)计算机专业基础
东北大学,(101)思想政治理论,(204)英语二,(302)数学二,(842)计算机专业基础
东北大学,(101)思想政治理论,(204)英语二,(302)数学二,(842)计算机专业基础
东北大学,(101)思想政治理论,(204)英语二,(302)数学二,(842)计算机专业基础
东北大学,(101)思想政治理论,(204)英语二,(302)数学二,(842)计算机专业基础
东北大学,(101)思想政治理论,(204)英语二,(302)数学二,(842)计算机专业基础
东北大学,(101)思想政治理论,(204)英语二,(302)数学二,(842)计算机专业基础
东北大学,(101)思想政治理论,(204)英语二,(302)数学二,(842)计算机专业基础
东北大学,(101)思想政治理论,(204)英语二,(302)数学二,(842)计算机专业基础
东北大学,(101)思想政治理论,(204)英语二,(302)数学二,(842)计算机专业基础
东北大学,(101)思想政治理论,(204)英语二,(302)数学二,(842)计算机专业基础
东北大学,(111)单独考试思想政治理论,(245)单独考试英语,(611)单独考试数学,(842)计算机专业基础
大连海事大学,(101)思想政治理论,(203)日语,(302)数学二,(907)数据结构
大连海事大学,(101)思想政治理论,(203)日语,(302)数学二,(907)数据结构
大连海事大学,(101)思想政治理论,(203)日语,(302)数学二,(907)数据结构
大连海事大学,(101)思想政治理论,(203)日语,(302)数学二,(907)数据结构
大连海事大学,(101)思想政治理论,(203)日语,(302)数学二,(907)数据结构
大连海事大学,(101)思想政治理论,(203)日语,(302)数学二,(907)数据结构
大连海事大学,(101)思想政治理论,(203)日语,(302)数学二,(907)数据结构
吉林大学,(101)思想政治理论,(201)英语一,(302)数学二,(967)综合（高级语言程序设计、数据结构）
吉林大学,(101)思想政治理论,(201)英语一,(302)数学二,(966)综合（数据结构、高级语言程序设计（C、C++
吉林大学,(101)思想政治理论,(201)英语一,(302)数学二,(966)综合（数据结构、高级语言程序设计（C、C++
延边大学,(101)思想政治理论,(203)日语,(302)数学二,(853)数据结构与C程序设计
延边大学,(101)思想政治理论,(203)日语,(302)数学二,(853)数据结构与C程序设计
延边大学,(101)思想政治理论,(203)日语,(302)数学二,(853)数据结构与C程序设计
延边大学,(101)思想政治理论,(203)日语,(302)数学二,(854)模拟电路与数字电路
延边大学,(101)思想政治理论,(203)日语,(302)数学二,(854)模拟电路与数字电路
东北师范大学,(101)思想政治理论,(204)英语二,(302)数学二,(856)算法与程序设计
东北师范大学,(101)思想政治理论,(204)英语二,(302)数学二,(826)计算机专业基础
哈尔滨工业大学,(101)思想政治理论,(201)英语一,(301)数学一,(834)软件工程基础
哈尔滨工业大学,(101)思想政治理论,(201)英语一,(301)数学一,(854)计算机基础
哈尔滨工业大学,(101)思想政治理论,(201)英语一,(301)数学一,(854)计算机基础
哈尔滨工业大学,(101)思想政治理论,(201)英语一,(301)数学一,(854)计算机基础
哈尔滨工程大学,(101)思想政治理论,(201)英语一,(301)数学一,(820)软件工程专业基础综合
哈尔滨工程大学,(101)思想政治理论,(201)英语一,(301)数学一,(820)软件工程专业基础综合
哈尔滨工程大学,(101)思想政治理论,(201)英语一,(301)数学一,(820)软件工程专业基础综合
哈尔滨工程大学,(101)思想政治理论,(201)英语一,(301)数学一,(820)软件工程专业基础综合
哈尔滨工程大学,(101)思想政治理论,(201)英语一,(301)数学一,(820)软件工程专业基础综合
哈尔滨工程大学,(101)思想政治理论,(201)英语一,(301)数学一,(819)计算机专业基础综合
哈尔滨工程大学,(101)思想政治理论,(201)英语一,(301)数学一,(819)计算机专业基础综合
哈尔滨工程大学,(101)思想政治理论,(201)英语一,(301)数学一,(819)计算机专业基础综合
哈尔滨工程大学,(101)思想政治理论,(201)英语一,(301)数学一,(819)计算机专业基础综合
哈尔滨工程大学,(101)思想政治理论,(201)英语一,(301)数学一,(819)计算机专业基础综合
哈尔滨工程大学,(111)单独考试思想政治理论,(244)单独考试英语,(620)单独考试数学,(819)计算机专业基础综合
东北林业大学,(101)思想政治理论,(204)英语二,(302)数学二,(836)数据结构与高级语言程序设计(自命题)
东北林业大学,(101)思想政治理论,(204)英语二,(302)数学二,(836)数据结构与高级语言程序设计(自命题)
东北林业大学,(101)思想政治理论,(204)英语二,(302)数学二,(836)数据结构与高级语言程序设计(自命题)
东北林业大学,(101)思想政治理论,(204)英语二,(302)数学二,(919)计算机应用技术(自命题)
东北林业大学,(101)思想政治理论,(204)英语二,(302)数学二,(919)计算机应用技术(自命题)
东北林业大学,(101)思想政治理论,(204)英语二,(302)数学二,(919)计算机应用技术(自命题)
复旦大学,(101)思想政治理论,(204)英语二,(302)数学二,(961)软件工程专业基础综合
复旦大学,(101)思想政治理论,(204)英语二,(302)数学二,(961)软件工程专业基础综合
复旦大学,(101)思想政治理论,(204)英语二,(302)数学二,(961)软件工程专业基础综合
复旦大学,(101)思想政治理论,(204)英语二,(302)数学二,(961)软件工程专业基础综合
复旦大学,(101)思想政治理论,(204)英语二,(302)数学二,(961)软件工程专业基础综合
复旦大学,(101)思想政治理论,(204)英语二,(302)数学二,(961)软件工程专业基础综合
复旦大学,(101)思想政治理论,(204)英语二,(302)数学二,(961)软件工程专业基础综合
复旦大学,(101)思想政治理论,(204)英语二,(302)数学二,(961)软件工程专业基础综合
复旦大学,(101)思想政治理论,(204)英语二,(302)数学二,(961)软件工程专业基础综合
复旦大学,(101)思想政治理论,(204)英语二,(302)数学二,(961)软件工程专业基础综合
复旦大学,(101)思想政治理论,(204)英语二,(302)数学二,(961)软件工程专业基础综合
复旦大学,(101)思想政治理论,(204)英语二,(302)数学二,(961)软件工程专业基础综合
复旦大学,(101)思想政治理论,(204)英语二,(302)数学二,(961)软件工程专业基础综合
复旦大学,(101)思想政治理论,(204)英语二,(302)数学二,(960)计算机专业知识
复旦大学,(101)思想政治理论,(204)英语二,(302)数学二,(960)计算机专业知识
复旦大学,(101)思想政治理论,(204)英语二,(302)数学二,(960)计算机专业知识
复旦大学,(101)思想政治理论,(204)英语二,(302)数学二,(960)计算机专业知识
复旦大学,(101)思想政治理论,(204)英语二,(302)数学二,(960)计算机专业知识
复旦大学,(101)思想政治理论,(204)英语二,(302)数学二,(960)计算机专业知识
复旦大学,(101)思想政治理论,(204)英语二,(302)数学二,(960)计算机专业知识
复旦大学,(101)思想政治理论,(204)英语二,(302)数学二,(960)计算机专业知识
复旦大学,(101)思想政治理论,(204)英语二,(302)数学二,(960)计算机专业知识
复旦大学,(101)思想政治理论,(204)英语二,(302)数学二,(960)计算机专业知识
复旦大学,(101)思想政治理论,(204)英语二,(302)数学二,(960)计算机专业知识
复旦大学,(101)思想政治理论,(204)英语二,(302)数学二,(960)计算机专业知识
复旦大学,(101)思想政治理论,(204)英语二,(302)数学二,(960)计算机专业知识
复旦大学,(101)思想政治理论,(204)英语二,(302)数学二,(960)计算机专业知识
同济大学,(101)思想政治理论,(201)英语一,(301)数学一,(408)计算机学科专业基础综合
同济大学,(101)思想政治理论,(201)英语一,(301)数学一,(408)计算机学科专业基础综合
同济大学,(101)思想政治理论,(201)英语一,(301)数学一,(408)计算机学科专业基础综合
同济大学,(101)思想政治理论,(201)英语一,(301)数学一,(408)计算机学科专业基础综合
上海交通大学,(101)思想政治理论,(201)英语一,(301)数学一,(825)软件学科基础
上海交通大学,(101)思想政治理论,(201)英语一,(301)数学一,(408)计算机学科专业基础综合
上海交通大学,(101)思想政治理论,(201)英语一,(301)数学一,(408)计算机学科专业基础综合
华东理工大学,(101)思想政治理论,(201)英语一,(301)数学一,(815)计算机专业基础综合
华东理工大学,(101)思想政治理论,(201)英语一,(301)数学一,(815)计算机专业基础综合
华东理工大学,(101)思想政治理论,(201)英语一,(301)数学一,(815)计算机专业基础综合
华东理工大学,(101)思想政治理论,(201)英语一,(301)数学一,(815)计算机专业基础综合
华东理工大学,(101)思想政治理论,(201)英语一,(301)数学一,(815)计算机专业基础综合
东华大学,(101)思想政治理论,(204)英语二,(302)数学二,(854)计算机及软件工程专业基础综合
东华大学,(101)思想政治理论,(204)英语二,(302)数学二,(854)计算机及软件工程专业基础综合
东华大学,(101)思想政治理论,(204)英语二,(302)数学二,(854)计算机及软件工程专业基础综合
东华大学,(101)思想政治理论,(204)英语二,(302)数学二,(854)计算机及软件工程专业基础综合
东华大学,(101)思想政治理论,(204)英语二,(302)数学二,(854)计算机及软件工程专业基础综合
东华大学,(101)思想政治理论,(204)英语二,(302)数学二,(854)计算机及软件工程专业基础综合
东华大学,(101)思想政治理论,(204)英语二,(302)数学二,(854)计算机及软件工程专业基础综合
东华大学,(101)思想政治理论,(204)英语二,(302)数学二,(854)计算机及软件工程专业基础综合
华东师范大学,(101)思想政治理论,(204)英语二,(302)数学二,(834)程序设计综合(含数据结构)
华东师范大学,(101)思想政治理论,(204)英语二,(302)数学二,(839)数据结构(含C语言程序设计)
华东师范大学,(101)思想政治理论,(204)英语二,(302)数学二,(839)数据结构(含C语言程序设计)
华东师范大学,(101)思想政治理论,(204)英语二,(302)数学二,(839)数据结构(含C语言程序设计)
华东师范大学,(101)思想政治理论,(204)英语二,(302)数学二,(839)数据结构(含C语言程序设计)
华东师范大学,(101)思想政治理论,(204)英语二,(302)数学二,(839)数据结构(含C语言程序设计)
华东师范大学,(101)思想政治理论,(204)英语二,(302)数学二,(839)数据结构(含C语言程序设计)
华东师范大学,(101)思想政治理论,(204)英语二,(302)数学二,(839)数据结构(含C语言程序设计)
上海大学,(101)思想政治理论,(204)英语二,(302)数学二,(913)数据结构与操作系统（专）
上海大学,(101)思想政治理论,(204)英语二,(302)数学二,(913)数据结构与操作系统（专）
上海大学,(101)思想政治理论,(204)英语二,(302)数学二,(913)数据结构与操作系统（专）
上海大学,(101)思想政治理论,(204)英语二,(302)数学二,(913)数据结构与操作系统（专）
上海大学,(101)思想政治理论,(204)英语二,(302)数学二,(913)数据结构与操作系统（专）
南京大学,(101)思想政治理论,(204)英语二,(302)数学二,(842)数据结构、软件工程、操作系统和计算机网络
南京大学,(101)思想政治理论,(204)英语二,(302)数学二,(842)数据结构、软件工程、操作系统和计算机网络
南京大学,(101)思想政治理论,(204)英语二,(302)数学二,(842)数据结构、软件工程、操作系统和计算机网络
南京大学,(101)思想政治理论,(204)英语二,(302)数学二,(842)数据结构、软件工程、操作系统和计算机网络
南京大学,(101)思想政治理论,(204)英语二,(302)数学二,(842)数据结构、软件工程、操作系统和计算机网络
南京大学,(101)思想政治理论,(201)英语一,(301)数学一,(845)数据结构和算法、操作系统、计算机系统基…
苏州大学,(101)思想政治理论,(204)英语二,(302)数学二,(872)数据结构与操作系统
东南大学,(101)思想政治理论,(201)英语一,(302)数学二,(906)软件基础
东南大学,(101)思想政治理论,(201)英语一,(302)数学二,(906)软件基础
东南大学,(101)思想政治理论,(201)英语一,(301)数学一,(935)计算机专业基础
东南大学,(101)思想政治理论,(201)英语一,(301)数学一,(935)计算机专业基础
东南大学,(101)思想政治理论,(201)英语一,(301)数学一,(935)计算机专业基础
东南大学,(101)思想政治理论,(201)英语一,(301)数学一,(935)计算机专业基础
东南大学,(101)思想政治理论,(201)英语一,(301)数学一,(935)计算机专业基础
东南大学,(101)思想政治理论,(201)英语一,(301)数学一,(935)计算机专业基础
东南大学,(101)思想政治理论,(201)英语一,(301)数学一,(935)计算机专业基础
东南大学,(101)思想政治理论,(201)英语一,(301)数学一,(916)计算机网络概论
南京航空航天大学,(101)思想政治理论,(201)英语一,(302)数学二,(922)数据结构与操作系统(专业学位)
南京航空航天大学,(101)思想政治理论,(201)英语一,(302)数学二,(922)数据结构与操作系统(专业学位)
南京航空航天大学,(101)思想政治理论,(201)英语一,(302)数学二,(922)数据结构与操作系统(专业学位)
南京航空航天大学,(101)思想政治理论,(201)英语一,(302)数学二,(922)数据结构与操作系统(专业学位)
南京航空航天大学,(101)思想政治理论,(201)英语一,(302)数学二,(922)数据结构与操作系统(专业学位)
南京航空航天大学,(101)思想政治理论,(201)英语一,(302)数学二,(922)数据结构与操作系统(专业学位)
南京航空航天大学,(101)思想政治理论,(201)英语一,(302)数学二,(922)数据结构与操作系统(专业学位)
南京航空航天大学,(101)思想政治理论,(201)英语一,(302)数学二,(922)数据结构与操作系统(专业学位)
南京航空航天大学,(101)思想政治理论,(201)英语一,(302)数学二,(922)数据结构与操作系统(专业学位)
南京航空航天大学,(101)思想政治理论,(201)英语一,(302)数学二,(922)数据结构与操作系统(专业学位)
南京航空航天大学,(101)思想政治理论,(201)英语一,(302)数学二,(922)数据结构与操作系统(专业学位)
南京航空航天大学,(101)思想政治理论,(201)英语一,(302)数学二,(922)数据结构与操作系统(专业学位)
南京航空航天大学,(101)思想政治理论,(201)英语一,(302)数学二,(922)数据结构与操作系统(专业学位)
南京航空航天大学,(101)思想政治理论,(201)英语一,(302)数学二,(922)数据结构与操作系统(专业学位)
南京航空航天大学,(101)思想政治理论,(201)英语一,(302)数学二,(922)数据结构与操作系统(专业学位)
南京航空航天大学,(101)思想政治理论,(201)英语一,(302)数学二,(922)数据结构与操作系统(专业学位)
南京航空航天大学,(101)思想政治理论,(201)英语一,(302)数学二,(922)数据结构与操作系统(专业学位)
南京航空航天大学,(101)思想政治理论,(201)英语一,(302)数学二,(922)数据结构与操作系统(专业学位)
南京理工大学,(101)思想政治理论,(204)英语二,(302)数学二,(825)计算机专业基础（B）
南京理工大学,(101)思想政治理论,(204)英语二,(302)数学二,(825)计算机专业基础（B）
南京理工大学,(101)思想政治理论,(204)英语二,(302)数学二,(825)计算机专业基础（B）
南京理工大学,(101)思想政治理论,(204)英语二,(302)数学二,(825)计算机专业基础（B）
南京理工大学,(101)思想政治理论,(204)英语二,(302)数学二,(825)计算机专业基础（B）
南京理工大学,(101)思想政治理论,(204)英语二,(302)数学二,(825)计算机专业基础（B）
南京理工大学,(101)思想政治理论,(204)英语二,(302)数学二,(825)计算机专业基础（B）
南京理工大学,(101)思想政治理论,(204)英语二,(302)数学二,(825)计算机专业基础（B）
南京理工大学,(101)思想政治理论,(204)英语二,(302)数学二,(825)计算机专业基础（B）
中国矿业大学,(101)思想政治理论,(204)英语二,(302)数学二,(874)数据结构
中国矿业大学,(101)思想政治理论,(204)英语二,(302)数学二,(874)数据结构
河海大学,(101)思想政治理论,(201)英语一,(301)数学一,(838)数据结构及程序设计
河海大学,(101)思想政治理论,(201)英语一,(301)数学一,(838)数据结构及程序设计
河海大学,(101)思想政治理论,(204)英语二,(302)数学二,(863)信号与系统
江南大学,(101)思想政治理论,(204)英语二,(302)数学二,(847)计算机程序设计
江南大学,(101)思想政治理论,(204)英语二,(302)数学二,(847)计算机程序设计
江南大学,(101)思想政治理论,(204)英语二,(302)数学二,(847)计算机程序设计
江南大学,(101)思想政治理论,(204)英语二,(302)数学二,(833)数据结构与算法设计
江南大学,(101)思想政治理论,(204)英语二,(302)数学二,(833)数据结构与算法设计
江南大学,(101)思想政治理论,(204)英语二,(302)数学二,(833)数据结构与算法设计
江南大学,(101)思想政治理论,(204)英语二,(302)数学二,(833)数据结构与算法设计
南京师范大学,(101)思想政治理论,(204)英语二,(302)数学二,(874)计算机技术综合
浙江大学,(101)思想政治理论,(201)英语一,(301)数学一,(878)计算机学科专业基础
浙江大学,(101)思想政治理论,(201)英语一,(301)数学一,(408)计算机学科专业基础综合
浙江大学,(101)思想政治理论,(201)英语一,(301)数学一,(408)计算机学科专业基础综合
安徽大学,(101)思想政治理论,(204)英语二,(302)数学二,(834)软件工程专业基础（高级语言程序设计、数据
安徽大学,(101)思想政治理论,(204)英语二,(302)数学二,(833)计算机专业基础（数据结构、操作系统）
安徽大学,(101)思想政治理论,(204)英语二,(302)数学二,(833)计算机专业基础（数据结构、操作系统）
安徽大学,(101)思想政治理论,(204)英语二,(302)数学二,(833)计算机专业基础（数据结构、操作系统）
安徽大学,(101)思想政治理论,(204)英语二,(302)数学二,(833)计算机专业基础（数据结构、操作系统）
安徽大学,(101)思想政治理论,(204)英语二,(302)数学二,(833)计算机专业基础（数据结构、操作系统）
安徽大学,(101)思想政治理论,(204)英语二,(302)数学二,(833)计算机专业基础（数据结构、操作系统）
安徽大学,(101)思想政治理论,(204)英语二,(302)数学二,(833)计算机专业基础（数据结构、操作系统）
安徽大学,(101)思想政治理论,(204)英语二,(302)数学二,(833)计算机专业基础（数据结构、操作系统）
安徽大学,(101)思想政治理论,(204)英语二,(302)数学二,(833)计算机专业基础（数据结构、操作系统）
中国科学技术大学,(101)思想政治理论,(204)英语二,(302)数学二,(408)计算机学科专业基础综合
中国科学技术大学,(101)思想政治理论,(204)英语二,(302)数学二,(408)计算机学科专业基础综合
中国科学技术大学,(101)思想政治理论,(204)英语二,(302)数学二,(408)计算机学科专业基础综合
中国科学技术大学,(101)思想政治理论,(204)英语二,(302)数学二,(408)计算机学科专业基础综合
中国科学技术大学,(101)思想政治理论,(204)英语二,(302)数学二,(408)计算机学科专业基础综合
中国科学技术大学,(101)思想政治理论,(204)英语二,(302)数学二,(408)计算机学科专业基础综合
中国科学技术大学,(101)思想政治理论,(204)英语二,(302)数学二,(408)计算机学科专业基础综合
中国科学技术大学,(101)思想政治理论,(204)英语二,(302)数学二,(408)计算机学科专业基础综合
中国科学技术大学,(101)思想政治理论,(204)英语二,(302)数学二,(408)计算机学科专业基础综合
中国科学技术大学,(101)思想政治理论,(204)英语二,(302)数学二,(408)计算机学科专业基础综合
中国科学技术大学,(101)思想政治理论,(204)英语二,(302)数学二,(408)计算机学科专业基础综合
中国科学技术大学,(101)思想政治理论,(204)英语二,(302)数学二,(408)计算机学科专业基础综合
中国科学技术大学,(101)思想政治理论,(204)英语二,(302)数学二,(408)计算机学科专业基础综合
中国科学技术大学,(101)思想政治理论,(204)英语二,(302)数学二,(408)计算机学科专业基础综合
中国科学技术大学,(101)思想政治理论,(204)英语二,(302)数学二,(408)计算机学科专业基础综合
中国科学技术大学,(101)思想政治理论,(204)英语二,(302)数学二,(408)计算机学科专业基础综合
中国科学技术大学,(101)思想政治理论,(204)英语二,(302)数学二,(408)计算机学科专业基础综合
中国科学技术大学,(101)思想政治理论,(204)英语二,(302)数学二,(408)计算机学科专业基础综合
中国科学技术大学,(101)思想政治理论,(204)英语二,(302)数学二,(408)计算机学科专业基础综合
中国科学技术大学,(101)思想政治理论,(204)英语二,(302)数学二,(408)计算机学科专业基础综合
中国科学技术大学,(101)思想政治理论,(204)英语二,(302)数学二,(408)计算机学科专业基础综合
中国科学技术大学,(101)思想政治理论,(204)英语二,(302)数学二,(408)计算机学科专业基础综合
中国科学技术大学,(101)思想政治理论,(204)英语二,(302)数学二,(408)计算机学科专业基础综合
中国科学技术大学,(101)思想政治理论,(201)英语一,(301)数学一,(408)计算机学科专业基础综合
中国科学技术大学,(101)思想政治理论,(201)英语一,(301)数学一,(408)计算机学科专业基础综合
中国科学技术大学,(101)思想政治理论,(201)英语一,(301)数学一,(408)计算机学科专业基础综合
中国科学技术大学,(101)思想政治理论,(201)英语一,(301)数学一,(408)计算机学科专业基础综合
中国科学技术大学,(101)思想政治理论,(201)英语一,(301)数学一,(408)计算机学科专业基础综合
中国科学技术大学,(101)思想政治理论,(201)英语一,(301)数学一,(408)计算机学科专业基础综合
中国科学技术大学,(101)思想政治理论,(201)英语一,(301)数学一,(408)计算机学科专业基础综合
中国科学技术大学,(101)思想政治理论,(201)英语一,(301)数学一,(408)计算机学科专业基础综合
合肥工业大学,(101)思想政治理论,(204)英语二,(302)数学二,(848)软件工程学科专业基础综合
合肥工业大学,(101)思想政治理论,(204)英语二,(302)数学二,(848)软件工程学科专业基础综合
合肥工业大学,(101)思想政治理论,(204)英语二,(302)数学二,(848)软件工程学科专业基础综合
合肥工业大学,(101)思想政治理论,(204)英语二,(302)数学二,(848)软件工程学科专业基础综合
合肥工业大学,(101)思想政治理论,(204)英语二,(302)数学二,(848)软件工程学科专业基础综合
合肥工业大学,(101)思想政治理论,(204)英语二,(301)数学一,(850)计算机科学与技术学科专业基础综合
合肥工业大学,(101)思想政治理论,(204)英语二,(301)数学一,(850)计算机科学与技术学科专业基础综合
合肥工业大学,(101)思想政治理论,(204)英语二,(301)数学一,(850)计算机科学与技术学科专业基础综合
合肥工业大学,(101)思想政治理论,(204)英语二,(301)数学一,(850)计算机科学与技术学科专业基础综合
合肥工业大学,(101)思想政治理论,(204)英语二,(301)数学一,(850)计算机科学与技术学科专业基础综合
合肥工业大学,(101)思想政治理论,(204)英语二,(301)数学一,(850)计算机科学与技术学科专业基础综合
合肥工业大学,(101)思想政治理论,(204)英语二,(301)数学一,(850)计算机科学与技术学科专业基础综合
合肥工业大学,(101)思想政治理论,(204)英语二,(301)数学一,(850)计算机科学与技术学科专业基础综合
合肥工业大学,(101)思想政治理论,(204)英语二,(301)数学一,(850)计算机科学与技术学科专业基础综合
厦门大学,(101)思想政治理论,(204)英语二,(302)数学二,(865)专业基础（数据结构与软件工程）
厦门大学,(101)思想政治理论,(204)英语二,(302)数学二,(865)专业基础（数据结构与软件工程）
厦门大学,(101)思想政治理论,(204)英语二,(302)数学二,(865)专业基础（数据结构与软件工程）
厦门大学,(101)思想政治理论,(204)英语二,(302)数学二,(865)专业基础（数据结构与软件工程）
厦门大学,(101)思想政治理论,(204)英语二,(302)数学二,(865)专业基础（数据结构与软件工程）
厦门大学,(101)思想政治理论,(204)英语二,(302)数学二,(865)专业基础（数据结构与软件工程）
厦门大学,(101)思想政治理论,(204)英语二,(302)数学二,(903)数据结构B
厦门大学,(101)思想政治理论,(204)英语二,(302)数学二,(903)数据结构B
厦门大学,(101)思想政治理论,(204)英语二,(302)数学二,(903)数据结构B
厦门大学,(101)思想政治理论,(204)英语二,(302)数学二,(903)数据结构B
厦门大学,(101)思想政治理论,(204)英语二,(302)数学二,(903)数据结构B
厦门大学,(101)思想政治理论,(204)英语二,(302)数学二,(903)数据结构B
厦门大学,(101)思想政治理论,(204)英语二,(302)数学二,(903)数据结构B
厦门大学,(101)思想政治理论,(204)英语二,(302)数学二,(903)数据结构B
厦门大学,(101)思想政治理论,(204)英语二,(302)数学二,(903)数据结构B
厦门大学,(101)思想政治理论,(204)英语二,(302)数学二,(903)数据结构B
厦门大学,(101)思想政治理论,(204)英语二,(302)数学二,(903)数据结构B
厦门大学,(101)思想政治理论,(204)英语二,(302)数学二,(903)数据结构B
厦门大学,(101)思想政治理论,(204)英语二,(302)数学二,(903)数据结构B
厦门大学,(101)思想政治理论,(204)英语二,(302)数学二,(903)数据结构B
厦门大学,(101)思想政治理论,(204)英语二,(302)数学二,(903)数据结构B
厦门大学,(101)思想政治理论,(204)英语二,(302)数学二,(903)数据结构B
厦门大学,(101)思想政治理论,(204)英语二,(302)数学二,(903)数据结构B
厦门大学,(101)思想政治理论,(204)英语二,(302)数学二,(903)数据结构B
厦门大学,(101)思想政治理论,(204)英语二,(302)数学二,(903)数据结构B
福州大学,(101)思想政治理论,(204)英语二,(302)数学二,(863)数据结构与程序设计
福州大学,(101)思想政治理论,(204)英语二,(302)数学二,(863)数据结构与程序设计
福州大学,(101)思想政治理论,(204)英语二,(302)数学二,(863)数据结构与程序设计
福州大学,(101)思想政治理论,(204)英语二,(302)数学二,(863)数据结构与程序设计
福州大学,(101)思想政治理论,(204)英语二,(302)数学二,(863)数据结构与程序设计
福州大学,(101)思想政治理论,(204)英语二,(302)数学二,(863)数据结构与程序设计
福州大学,(101)思想政治理论,(204)英语二,(302)数学二,(863)数据结构与程序设计
福州大学,(101)思想政治理论,(204)英语二,(302)数学二,(863)数据结构与程序设计
福州大学,(101)思想政治理论,(204)英语二,(302)数学二,(863)数据结构与程序设计
福州大学,(101)思想政治理论,(204)英语二,(302)数学二,(863)数据结构与程序设计
福州大学,(101)思想政治理论,(204)英语二,(302)数学二,(863)数据结构与程序设计
福州大学,(101)思想政治理论,(204)英语二,(302)数学二,(863)数据结构与程序设计
福州大学,(101)思想政治理论,(204)英语二,(302)数学二,(863)数据结构与程序设计
南昌大学,(101)思想政治理论,(204)英语二,(302)数学二,(871)数据结构
南昌大学,(101)思想政治理论,(204)英语二,(302)数学二,(871)数据结构
南昌大学,(101)思想政治理论,(204)英语二,(302)数学二,(871)数据结构
南昌大学,(101)思想政治理论,(204)英语二,(302)数学二,(841)专业综合(数据结构)
南昌大学,(101)思想政治理论,(204)英语二,(302)数学二,(841)专业综合(数据结构)
南昌大学,(101)思想政治理论,(204)英语二,(302)数学二,(841)专业综合(数据结构)
南昌大学,(101)思想政治理论,(204)英语二,(302)数学二,(841)专业综合(数据结构)
南昌大学,(101)思想政治理论,(204)英语二,(302)数学二,(838)数据结构
南昌大学,(101)思想政治理论,(204)英语二,(302)数学二,(838)数据结构
南昌大学,(101)思想政治理论,(204)英语二,(302)数学二,(838)数据结构
南昌大学,(101)思想政治理论,(204)英语二,(302)数学二,(838)数据结构
山东大学,(101)思想政治理论,(204)英语二,(302)数学二,(909)数据结构
山东大学,(111)单独考试思想政治理论,(251)英语（单）,(681)数学（单）,(909)数据结构
山东大学,(101)思想政治理论,(204)英语二,(302)数学二,(909)数据结构
山东大学,(101)思想政治理论,(204)英语二,(302)数学二,(909)数据结构
山东大学,(111)单独考试思想政治理论,(251)英语（单）,(681)数学（单）,(909)数据结构
中国海洋大学,(101)思想政治理论,(204)英语二,(302)数学二,(911)软件工程
中国海洋大学,(101)思想政治理论,(204)英语二,(302)数学二,(910)高级程序设计
中国海洋大学,(101)思想政治理论,(204)英语二,(302)数学二,(940)计算机网络与安全
中国石油大学(华东),(101)思想政治理论,(204)英语二,(302)数学二,(859)数据结构
中国石油大学(华东),(101)思想政治理论,(204)英语二,(302)数学二,(859)数据结构
中国石油大学(华东),(101)思想政治理论,(204)英语二,(302)数学二,(859)数据结构
中国石油大学(华东),(101)思想政治理论,(204)英语二,(302)数学二,(859)数据结构
中国石油大学(华东),(101)思想政治理论,(204)英语二,(302)数学二,(859)数据结构
中国石油大学(华东),(101)思想政治理论,(204)英语二,(302)数学二,(859)数据结构
中国石油大学(华东),(101)思想政治理论,(204)英语二,(302)数学二,(859)数据结构
中国石油大学(华东),(101)思想政治理论,(204)英语二,(302)数学二,(859)数据结构
郑州大学,(101)思想政治理论,(204)英语二,(302)数学二,(945)软件工程专业基础综合
郑州大学,(101)思想政治理论,(204)英语二,(302)数学二,(945)软件工程专业基础综合
郑州大学,(101)思想政治理论,(204)英语二,(302)数学二,(945)软件工程专业基础综合
郑州大学,(101)思想政治理论,(204)英语二,(302)数学二,(945)软件工程专业基础综合
郑州大学,(101)思想政治理论,(204)英语二,(302)数学二,(945)软件工程专业基础综合
郑州大学,(101)思想政治理论,(204)英语二,(302)数学二,(945)软件工程专业基础综合
郑州大学,(101)思想政治理论,(204)英语二,(302)数学二,(945)软件工程专业基础综合
郑州大学,(101)思想政治理论,(204)英语二,(302)数学二,(945)软件工程专业基础综合
郑州大学,(101)思想政治理论,(204)英语二,(302)数学二,(945)软件工程专业基础综合
郑州大学,(101)思想政治理论,(204)英语二,(302)数学二,(945)软件工程专业基础综合
郑州大学,(101)思想政治理论,(204)英语二,(302)数学二,(944)计算机技术专业基础综合
郑州大学,(101)思想政治理论,(204)英语二,(302)数学二,(944)计算机技术专业基础综合
郑州大学,(101)思想政治理论,(204)英语二,(302)数学二,(944)计算机技术专业基础综合
郑州大学,(101)思想政治理论,(204)英语二,(302)数学二,(944)计算机技术专业基础综合
郑州大学,(101)思想政治理论,(204)英语二,(302)数学二,(944)计算机技术专业基础综合
郑州大学,(101)思想政治理论,(204)英语二,(302)数学二,(944)计算机技术专业基础综合
郑州大学,(101)思想政治理论,(204)英语二,(302)数学二,(944)计算机技术专业基础综合
郑州大学,(101)思想政治理论,(204)英语二,(302)数学二,(944)计算机技术专业基础综合
郑州大学,(101)思想政治理论,(204)英语二,(302)数学二,(944)计算机技术专业基础综合
郑州大学,(101)思想政治理论,(204)英语二,(302)数学二,(944)计算机技术专业基础综合
郑州大学,(101)思想政治理论,(204)英语二,(302)数学二,(944)计算机技术专业基础综合
郑州大学,(101)思想政治理论,(204)英语二,(302)数学二,(944)计算机技术专业基础综合
郑州大学,(101)思想政治理论,(204)英语二,(302)数学二,(944)计算机技术专业基础综合
郑州大学,(101)思想政治理论,(204)英语二,(302)数学二,(944)计算机技术专业基础综合
郑州大学,(101)思想政治理论,(204)英语二,(302)数学二,(944)计算机技术专业基础综合
郑州大学,(101)思想政治理论,(204)英语二,(302)数学二,(944)计算机技术专业基础综合
郑州大学,(101)思想政治理论,(204)英语二,(302)数学二,(944)计算机技术专业基础综合
郑州大学,(101)思想政治理论,(204)英语二,(302)数学二,(944)计算机技术专业基础综合
郑州大学,(101)思想政治理论,(204)英语二,(302)数学二,(944)计算机技术专业基础综合
郑州大学,(101)思想政治理论,(204)英语二,(302)数学二,(944)计算机技术专业基础综合
郑州大学,(101)思想政治理论,(204)英语二,(302)数学二,(944)计算机技术专业基础综合
武汉大学,(101)思想政治理论,(204)英语二,(302)数学二,(932)软件工程基础
武汉大学,(101)思想政治理论,(204)英语二,(302)数学二,(932)软件工程基础
武汉大学,(101)思想政治理论,(204)英语二,(302)数学二,(932)软件工程基础
武汉大学,(101)思想政治理论,(204)英语二,(302)数学二,(933)计算机基础
武汉大学,(101)思想政治理论,(204)英语二,(302)数学二,(933)计算机基础
武汉大学,(101)思想政治理论,(204)英语二,(302)数学二,(933)计算机基础
武汉大学,(101)思想政治理论,(204)英语二,(302)数学二,(933)计算机基础
武汉大学,(101)思想政治理论,(204)英语二,(302)数学二,(933)计算机基础
武汉大学,(101)思想政治理论,(204)英语二,(302)数学二,(933)计算机基础
武汉大学,(101)思想政治理论,(204)英语二,(302)数学二,(933)计算机基础
武汉大学,(101)思想政治理论,(204)英语二,(302)数学二,(933)计算机基础
武汉大学,(101)思想政治理论,(204)英语二,(302)数学二,(933)计算机基础
武汉大学,(101)思想政治理论,(204)英语二,(302)数学二,(933)计算机基础
武汉大学,(101)思想政治理论,(204)英语二,(302)数学二,(933)计算机基础
武汉大学,(101)思想政治理论,(204)英语二,(302)数学二,(933)计算机基础
武汉大学,(101)思想政治理论,(204)英语二,(302)数学二,(933)计算机基础
武汉大学,(101)思想政治理论,(204)英语二,(302)数学二,(933)计算机基础
武汉大学,(101)思想政治理论,(204)英语二,(302)数学二,(933)计算机基础
武汉大学,(101)思想政治理论,(204)英语二,(302)数学二,(968)C语言程序设计
华中科技大学,(101)思想政治理论,(204)英语二,(302)数学二,(831)电子技术基础
华中科技大学,(101)思想政治理论,(204)英语二,(302)数学二,(887)数据结构与算法分析
华中科技大学,(101)思想政治理论,(204)英语二,(302)数学二,(887)数据结构与算法分析
华中科技大学,(101)思想政治理论,(204)英语二,(302)数学二,(887)数据结构与算法分析
华中科技大学,(101)思想政治理论,(204)英语二,(302)数学二,(887)数据结构与算法分析
华中科技大学,(101)思想政治理论,(204)英语二,(302)数学二,(887)数据结构与算法分析
华中科技大学,(101)思想政治理论,(204)英语二,(302)数学二,(887)数据结构与算法分析
华中科技大学,(101)思想政治理论,(204)英语二,(302)数学二,(887)数据结构与算法分析
华中科技大学,(101)思想政治理论,(204)英语二,(302)数学二,(887)数据结构与算法分析
华中科技大学,(101)思想政治理论,(204)英语二,(301)数学一,(834)计算机专业基础综合(数据结构、计算机网络)
华中科技大学,(101)思想政治理论,(204)英语二,(301)数学一,(834)计算机专业基础综合(数据结构、计算机网络)
中国地质大学(武汉),(101)思想政治理论,(204)英语二,(302)数学二,(952)软件综合
中国地质大学(武汉),(101)思想政治理论,(204)英语二,(302)数学二,(952)软件综合
中国地质大学(武汉),(101)思想政治理论,(204)英语二,(302)数学二,(952)软件综合
中国地质大学(武汉),(101)思想政治理论,(204)英语二,(302)数学二,(952)软件综合
中国地质大学(武汉),(101)思想政治理论,(204)英语二,(302)数学二,(952)软件综合
中国地质大学(武汉),(101)思想政治理论,(204)英语二,(302)数学二,(952)软件综合
中国地质大学(武汉),(101)思想政治理论,(204)英语二,(302)数学二,(952)软件综合
中国地质大学(武汉),(101)思想政治理论,(204)英语二,(302)数学二,(952)软件综合
中国地质大学(武汉),(101)思想政治理论,(204)英语二,(302)数学二,(952)软件综合
中国地质大学(武汉),(101)思想政治理论,(204)英语二,(302)数学二,(952)软件综合
中国地质大学(武汉),(101)思想政治理论,(204)英语二,(302)数学二,(408)计算机学科专业基础综合
中国地质大学(武汉),(101)思想政治理论,(204)英语二,(302)数学二,(408)计算机学科专业基础综合
中国地质大学(武汉),(101)思想政治理论,(204)英语二,(302)数学二,(408)计算机学科专业基础综合
中国地质大学(武汉),(101)思想政治理论,(204)英语二,(302)数学二,(408)计算机学科专业基础综合
武汉理工大学,(101)思想政治理论,(202)俄语,(302)数学二,(852)数据结构（C语言版）
武汉理工大学,(101)思想政治理论,(202)俄语,(302)数学二,(852)数据结构（C语言版）
武汉理工大学,(101)思想政治理论,(204)英语二,(302)数学二,(408)计算机学科专业基础综合
武汉理工大学,(101)思想政治理论,(204)英语二,(302)数学二,(408)计算机学科专业基础综合
华中师范大学,(101)思想政治理论,(204)英语二,(302)数学二,(874)数据结构与C语言程序设计
华中师范大学,(101)思想政治理论,(204)英语二,(302)数学二,(874)数据结构与C语言程序设计
华中师范大学,(101)思想政治理论,(204)英语二,(302)数学二,(874)数据结构与C语言程序设计
华中师范大学,(101)思想政治理论,(204)英语二,(302)数学二,(874)数据结构与C语言程序设计
华中师范大学,(101)思想政治理论,(204)英语二,(302)数学二,(874)数据结构与C语言程序设计
中南财经政法大学,(101)思想政治理论,(204)英语二,(302)数学二,(837)软件设计综合
湖南大学,(101)思想政治理论,(204)英语二,(302)数学二,(829)计算机程序设计
湖南大学,(101)思想政治理论,(204)英语二,(302)数学二,(829)计算机程序设计
湖南大学,(101)思想政治理论,(204)英语二,(302)数学二,(829)计算机程序设计
湖南大学,(101)思想政治理论,(204)英语二,(302)数学二,(829)计算机程序设计
湖南大学,(101)思想政治理论,(204)英语二,(302)数学二,(829)计算机程序设计
湖南大学,(101)思想政治理论,(204)英语二,(302)数学二,(829)计算机程序设计
湖南大学,(101)思想政治理论,(204)英语二,(302)数学二,(829)计算机程序设计
湖南大学,(101)思想政治理论,(204)英语二,(302)数学二,(829)计算机程序设计
湖南大学,(101)思想政治理论,(204)英语二,(302)数学二,(829)计算机程序设计
湖南大学,(101)思想政治理论,(204)英语二,(302)数学二,(829)计算机程序设计
中南大学,(101)思想政治理论,(204)英语二,(302)数学二,(944)软件工程
中南大学,(101)思想政治理论,(204)英语二,(302)数学二,(943)数据结构
湖南师范大学,(101)思想政治理论,(204)英语二,(302)数学二,(967)C语言程序设计
湖南师范大学,(101)思想政治理论,(204)英语二,(302)数学二,(966)程序设计（含面向对象）
国防科技大学,(101)思想政治理论,(201)英语一,(301)数学一,(821)计算机原理
国防科技大学,(101)思想政治理论,(201)英语一,(301)数学一,(821)计算机原理
国防科技大学,(101)思想政治理论,(201)英语一,(301)数学一,(903)计算机基础
中山大学,(101)思想政治理论,(204)英语二,(302)数学二,(408)计算机学科专业基础综合
中山大学,(101)思想政治理论,(204)英语二,(302)数学二,(408)计算机学科专业基础综合
暨南大学,(101)思想政治理论,(204)英语二,(302)数学二,(830)数据结构
暨南大学,(101)思想政治理论,(204)英语二,(302)数学二,(830)数据结构
暨南大学,(101)思想政治理论,(204)英语二,(302)数学二,(830)数据结构
暨南大学,(101)思想政治理论,(204)英语二,(302)数学二,(830)数据结构
暨南大学,(101)思想政治理论,(204)英语二,(302)数学二,(830)数据结构
暨南大学,(101)思想政治理论,(204)英语二,(302)数学二,(830)数据结构
华南理工大学,(101)思想政治理论,(204)英语二,(302)数学二,(408)计算机学科专业基础综合
华南理工大学,(101)思想政治理论,(204)英语二,(302)数学二,(408)计算机学科专业基础综合
华南理工大学,(101)思想政治理论,(204)英语二,(302)数学二,(408)计算机学科专业基础综合
华南理工大学,(101)思想政治理论,(204)英语二,(302)数学二,(408)计算机学科专业基础综合
华南理工大学,(101)思想政治理论,(204)英语二,(302)数学二,(408)计算机学科专业基础综合
华南理工大学,(101)思想政治理论,(204)英语二,(302)数学二,(408)计算机学科专业基础综合
华南理工大学,(101)思想政治理论,(204)英语二,(302)数学二,(408)计算机学科专业基础综合
华南理工大学,(101)思想政治理论,(204)英语二,(302)数学二,(408)计算机学科专业基础综合
华南师范大学,(101)思想政治理论,(204)英语二,(302)数学二,(918)C++程序设计
华南师范大学,(101)思想政治理论,(204)英语二,(302)数学二,(918)C++程序设计
华南师范大学,(101)思想政治理论,(204)英语二,(302)数学二,(918)C++程序设计
华南师范大学,(101)思想政治理论,(204)英语二,(302)数学二,(918)C++程序设计
华南师范大学,(101)思想政治理论,(204)英语二,(302)数学二,(918)C++程序设计
华南师范大学,(101)思想政治理论,(204)英语二,(302)数学二,(918)C++程序设计
华南师范大学,(101)思想政治理论,(204)英语二,(302)数学二,(918)C++程序设计
华南师范大学,(101)思想政治理论,(204)英语二,(302)数学二,(918)C++程序设计
华南师范大学,(101)思想政治理论,(204)英语二,(302)数学二,(918)C++程序设计
华南师范大学,(101)思想政治理论,(204)英语二,(302)数学二,(918)C++程序设计
华南师范大学,(101)思想政治理论,(204)英语二,(302)数学二,(918)C++程序设计
华南师范大学,(101)思想政治理论,(204)英语二,(302)数学二,(918)C++程序设计
华南师范大学,(101)思想政治理论,(204)英语二,(302)数学二,(918)C++程序设计
广西大学,(101)思想政治理论,(204)英语二,(302)数学二,(817)数据结构与程序设计
海南大学,(101)思想政治理论,(204)英语二,(302)数学二,(835)软件工程原理方法与应用
海南大学,(101)思想政治理论,(204)英语二,(302)数学二,(835)软件工程原理方法与应用
海南大学,(101)思想政治理论,(204)英语二,(302)数学二,(835)软件工程原理方法与应用
海南大学,(101)思想政治理论,(204)英语二,(302)数学二,(835)软件工程原理方法与应用
重庆大学,(101)思想政治理论,(204)英语二,(302)数学二,(877)C语言程序设计和数据库原理及应用
重庆大学,(101)思想政治理论,(204)英语二,(302)数学二,(877)C语言程序设计和数据库原理及应用
重庆大学,(101)思想政治理论,(204)英语二,(302)数学二,(877)C语言程序设计和数据库原理及应用
重庆大学,(101)思想政治理论,(204)英语二,(302)数学二,(877)C语言程序设计和数据库原理及应用
重庆大学,(101)思想政治理论,(204)英语二,(302)数学二,(877)C语言程序设计和数据库原理及应用
重庆大学,(101)思想政治理论,(204)英语二,(302)数学二,(877)C语言程序设计和数据库原理及应用
重庆大学,(101)思想政治理论,(204)英语二,(302)数学二,(877)C语言程序设计和数据库原理及应用
重庆大学,(101)思想政治理论,(204)英语二,(302)数学二,(877)C语言程序设计和数据库原理及应用
重庆大学,(101)思想政治理论,(204)英语二,(302)数学二,(877)C语言程序设计和数据库原理及应用
重庆大学,(101)思想政治理论,(204)英语二,(302)数学二,(877)C语言程序设计和数据库原理及应用
重庆大学,(101)思想政治理论,(204)英语二,(302)数学二,(877)C语言程序设计和数据库原理及应用
重庆大学,(101)思想政治理论,(204)英语二,(302)数学二,(877)C语言程序设计和数据库原理及应用
重庆大学,(101)思想政治理论,(204)英语二,(302)数学二,(917)计算机专业基础综合（自命题）
西南大学,(101)思想政治理论,(204)英语二,(302)数学二,(919)工程综合
西南大学,(101)思想政治理论,(204)英语二,(302)数学二,(919)工程综合
西南大学,(101)思想政治理论,(204)英语二,(302)数学二,(919)工程综合
西南大学,(101)思想政治理论,(204)英语二,(302)数学二,(919)工程综合
西南大学,(101)思想政治理论,(204)英语二,(302)数学二,(919)工程综合
西南大学,(101)思想政治理论,(204)英语二,(302)数学二,(919)工程综合
西南大学,(101)思想政治理论,(204)英语二,(302)数学二,(919)工程综合
西南大学,(101)思想政治理论,(204)英语二,(302)数学二,(919)工程综合
西南大学,(101)思想政治理论,(204)英语二,(302)数学二,(919)工程综合
西南大学,(101)思想政治理论,(204)英语二,(302)数学二,(919)工程综合
四川大学,(101)思想政治理论,(204)英语二,(302)数学二,(874)计算机科学专业基础综合
四川大学,(101)思想政治理论,(204)英语二,(302)数学二,(874)计算机科学专业基础综合
四川大学,(101)思想政治理论,(204)英语二,(302)数学二,(874)计算机科学专业基础综合
四川大学,(101)思想政治理论,(204)英语二,(302)数学二,(874)计算机科学专业基础综合
四川大学,(101)思想政治理论,(204)英语二,(302)数学二,(874)计算机科学专业基础综合
四川大学,(101)思想政治理论,(204)英语二,(302)数学二,(874)计算机科学专业基础综合
四川大学,(101)思想政治理论,(204)英语二,(302)数学二,(874)计算机科学专业基础综合
四川大学,(101)思想政治理论,(204)英语二,(302)数学二,(874)计算机科学专业基础综合
四川大学,(101)思想政治理论,(204)英语二,(302)数学二,(874)计算机科学专业基础综合
四川大学,(101)思想政治理论,(204)英语二,(302)数学二,(874)计算机科学专业基础综合
四川大学,(101)思想政治理论,(204)英语二,(302)数学二,(874)计算机科学专业基础综合
四川大学,(101)思想政治理论,(204)英语二,(302)数学二,(874)计算机科学专业基础综合
四川大学,(101)思想政治理论,(204)英语二,(302)数学二,(874)计算机科学专业基础综合
四川大学,(101)思想政治理论,(204)英语二,(302)数学二,(874)计算机科学专业基础综合
四川大学,(101)思想政治理论,(204)英语二,(302)数学二,(874)计算机科学专业基础综合
四川大学,(101)思想政治理论,(204)英语二,(302)数学二,(874)计算机科学专业基础综合
四川大学,(101)思想政治理论,(204)英语二,(302)数学二,(874)计算机科学专业基础综合
四川大学,(101)思想政治理论,(204)英语二,(302)数学二,(874)计算机科学专业基础综合
四川大学,(101)思想政治理论,(204)英语二,(302)数学二,(874)计算机科学专业基础综合
四川大学,(101)思想政治理论,(204)英语二,(302)数学二,(874)计算机科学专业基础综合
四川大学,(101)思想政治理论,(204)英语二,(302)数学二,(874)计算机科学专业基础综合
四川大学,(101)思想政治理论,(204)英语二,(302)数学二,(874)计算机科学专业基础综合
四川大学,(101)思想政治理论,(204)英语二,(302)数学二,(953)计算机通信与网络技术
西南交通大学,(101)思想政治理论,(204)英语二,(302)数学二,(959)数据结构
西南交通大学,(101)思想政治理论,(204)英语二,(302)数学二,(959)数据结构
西南交通大学,(101)思想政治理论,(204)英语二,(302)数学二,(959)数据结构
西南交通大学,(101)思想政治理论,(204)英语二,(302)数学二,(959)数据结构
西南交通大学,(101)思想政治理论,(204)英语二,(302)数学二,(959)数据结构
西南交通大学,(101)思想政治理论,(204)英语二,(302)数学二,(959)数据结构
西南交通大学,(101)思想政治理论,(204)英语二,(302)数学二,(959)数据结构
西南交通大学,(101)思想政治理论,(204)英语二,(302)数学二,(959)数据结构
西南交通大学,(101)思想政治理论,(204)英语二,(302)数学二,(959)数据结构
西南交通大学,(101)思想政治理论,(204)英语二,(302)数学二,(959)数据结构
电子科技大学,(101)思想政治理论,(201)英语一,(301)数学一,(831)通信与信号系统
电子科技大学,(101)思想政治理论,(201)英语一,(301)数学一,(831)通信与信号系统
电子科技大学,(101)思想政治理论,(201)英语一,(301)数学一,(831)通信与信号系统
电子科技大学,(101)思想政治理论,(201)英语一,(301)数学一,(831)通信与信号系统
电子科技大学,(101)思想政治理论,(201)英语一,(301)数学一,(831)通信与信号系统
电子科技大学,(101)思想政治理论,(201)英语一,(301)数学一,(831)通信与信号系统
电子科技大学,(101)思想政治理论,(201)英语一,(301)数学一,(820)计算机专业基础
电子科技大学,(101)思想政治理论,(201)英语一,(301)数学一,(820)计算机专业基础
电子科技大学,(101)思想政治理论,(201)英语一,(301)数学一,(820)计算机专业基础
电子科技大学,(101)思想政治理论,(201)英语一,(301)数学一,(820)计算机专业基础
电子科技大学,(101)思想政治理论,(201)英语一,(301)数学一,(820)计算机专业基础
电子科技大学,(101)思想政治理论,(201)英语一,(301)数学一,(820)计算机专业基础
电子科技大学,(101)思想政治理论,(201)英语一,(301)数学一,(820)计算机专业基础
电子科技大学,(101)思想政治理论,(201)英语一,(301)数学一,(820)计算机专业基础
电子科技大学,(101)思想政治理论,(201)英语一,(301)数学一,(820)计算机专业基础
电子科技大学,(101)思想政治理论,(201)英语一,(301)数学一,(820)计算机专业基础
电子科技大学,(101)思想政治理论,(201)英语一,(301)数学一,(820)计算机专业基础
电子科技大学,(101)思想政治理论,(201)英语一,(301)数学一,(820)计算机专业基础
贵州大学,(101)思想政治理论,(204)英语二,(302)数学二,(831)程序设计与数据结构
贵州大学,(101)思想政治理论,(204)英语二,(302)数学二,(831)程序设计与数据结构
云南大学,(101)思想政治理论,(204)英语二,(302)数学二,(904)计算机程序设计
云南大学,(111)单独考试思想政治理论,(240)单独考试英语,(688)单独考试数学,(904)计算机程序设计
云南大学,(101)思想政治理论,(204)英语二,(302)数学二,(831)数据结构与操作系统
云南大学,(111)单独考试思想政治理论,(240)单独考试英语,(688)单独考试数学,(831)数据结构与操作系统
西北大学,(101)思想政治理论,(204)英语二,(302)数学二,(851)数据结构
西北大学,(101)思想政治理论,(204)英语二,(302)数学二,(851)数据结构
西安交通大学,(101)思想政治理论,(204)英语二,(302)数学二,(915)计算机软件基础(含数据结构、程序设计）
西安交通大学,(101)思想政治理论,(204)英语二,(302)数学二,(915)计算机软件基础(含数据结构、程序设计）
西安交通大学,(101)思想政治理论,(204)英语二,(302)数学二,(915)计算机软件基础(含数据结构、程序设计）
西安交通大学,(101)思想政治理论,(204)英语二,(302)数学二,(915)计算机软件基础(含数据结构、程序设计）
西安交通大学,(101)思想政治理论,(204)英语二,(302)数学二,(915)计算机软件基础(含数据结构、程序设计）
西安交通大学,(101)思想政治理论,(204)英语二,(302)数学二,(912)计算机技术基础（含数据结构、计算机组成原
西北工业大学,(101)思想政治理论,(204)英语二,(302)数学二,(879)专业综合
西北工业大学,(101)思想政治理论,(204)英语二,(302)数学二,(879)专业综合
西北工业大学,(101)思想政治理论,(204)英语二,(302)数学二,(879)专业综合
西北工业大学,(101)思想政治理论,(204)英语二,(302)数学二,(879)专业综合
西北工业大学,(101)思想政治理论,(204)英语二,(302)数学二,(879)专业综合
西北工业大学,(101)思想政治理论,(204)英语二,(302)数学二,(879)专业综合
西北工业大学,(101)思想政治理论,(204)英语二,(302)数学二,(879)专业综合
西北工业大学,(111)单独考试思想政治理论,(251)单考英语,(733)单考数学,(879)专业综合
西北工业大学,(111)单独考试思想政治理论,(251)单考英语,(733)单考数学,(879)专业综合
西北工业大学,(111)单独考试思想政治理论,(251)单考英语,(733)单考数学,(879)专业综合
西北工业大学,(111)单独考试思想政治理论,(251)单考英语,(733)单考数学,(879)专业综合
西北工业大学,(111)单独考试思想政治理论,(251)单考英语,(733)单考数学,(879)专业综合
西北工业大学,(111)单独考试思想政治理论,(251)单考英语,(733)单考数学,(879)专业综合
西北工业大学,(111)单独考试思想政治理论,(251)单考英语,(733)单考数学,(879)专业综合
西北工业大学,(101)思想政治理论,(204)英语二,(302)数学二,(801)计算机专业基础
西北工业大学,(101)思想政治理论,(204)英语二,(302)数学二,(801)计算机专业基础
西北工业大学,(101)思想政治理论,(204)英语二,(302)数学二,(801)计算机专业基础
西北工业大学,(101)思想政治理论,(204)英语二,(302)数学二,(801)计算机专业基础
西北工业大学,(111)单独考试思想政治理论,(251)单考英语,(733)单考数学,(801)计算机专业基础
西北工业大学,(111)单独考试思想政治理论,(251)单考英语,(733)单考数学,(801)计算机专业基础
西北工业大学,(111)单独考试思想政治理论,(251)单考英语,(733)单考数学,(801)计算机专业基础
西北工业大学,(111)单独考试思想政治理论,(251)单考英语,(733)单考数学,(801)计算机专业基础
西安电子科技大学,(101)思想政治理论,(201)英语一,(301)数学一,(902)数据结构与C语言程序设计
西安电子科技大学,(101)思想政治理论,(201)英语一,(301)数学一,(802)集成电路与半导体物理
西安电子科技大学,(101)思想政治理论,(201)英语一,(301)数学一,(833)计算机专业基础综合
西安电子科技大学,(101)思想政治理论,(201)英语一,(301)数学一,(833)计算机专业基础综合
西安电子科技大学,(101)思想政治理论,(201)英语一,(301)数学一,(833)计算机专业基础综合
长安大学,(101)思想政治理论,(202)俄语,(302)数学二,(846)软件工程
长安大学,(101)思想政治理论,(202)俄语,(302)数学二,(815)微机原理与接口技术
西北农林科技大学,(101)思想政治理论,(202)俄语,(302)数学二,(842)数据结构和C语言
陕西师范大学,(101)思想政治理论,(204)英语二,(302)数学二,(856)数据结构与程序设计
陕西师范大学,(101)思想政治理论,(204)英语二,(302)数学二,(856)数据结构与程序设计
兰州大学,(101)思想政治理论,(204)英语二,(302)数学二,(806)计算机专业基础
兰州大学,(101)思想政治理论,(204)英语二,(302)数学二,(806)计算机专业基础
青海大学,(101)思想政治理论,(201)英语一,(302)数学二,(408)计算机学科专业基础综合
宁夏大学,(101)思想政治理论,(204)英语二,(302)数学二,(845)C语言程序设计与数据结构
宁夏大学,(101)思想政治理论,(204)英语二,(302)数学二,(845)C语言程序设计与数据结构
宁夏大学,(101)思想政治理论,(204)英语二,(302)数学二,(845)C语言程序设计与数据结构
宁夏大学,(101)思想政治理论,(204)英语二,(302)数学二,(845)C语言程序设计与数据结构
宁夏大学,(101)思想政治理论,(204)英语二,(302)数学二,(845)C语言程序设计与数据结构
新疆大学,(101)思想政治理论,(202)俄语,(302)数学二,(834)数据结构与软件工程
新疆大学,(101)思想政治理论,(204)英语二,(302)数学二,(829)数据结构
学校,政治,英语,数学,专业
